{
  "IsEncrypted": false,
  "Values": {
    "AzureWebJobsStorage": "",
    "FUNCTIONS_WORKER_RUNTIME": "python",
    "AzureWebJobsFeatureFlags": "EnableWorkerIndexing",
    "AZURE_AI_SERVICE_ENDPOINT": "<Your AI Service Endpoint>",
    "AZURE_AI_SERVICE_KEY": "<Your Key Here>",
    "STORAGE_ACCOUNT_CONNECTION":"<Your Storage Account Connection String>",
    "ORIGINAL_IMAGE_CONTAINER": "<Your Storage container for Images>",
    "RESIZED_IMAGE_CONTAINER": "<Your Storage container for resized and rescaled Images>",
    "UPLOAD_IMAGE_CONTAINER": "<Your Storage container for uploaded images that will trigger the blob trigger function>",
    "ORCHESTRATOR_RESULT_CONTAINER": "<Your Storage container for the output of the face detection function>",
    "AZURE_OPEN_AI_ENDPOINT": "https://<Your Resource>.openai.azure.com/openai/deployments/<Your GPT 4 Turbo Deployment>/chat/completions?api-version=2024-05-01-preview",
    "AZURE_OPEN_AI_KEY": "<Your Open AI Key>"
  }
}