{
  "name": "Azure Functions (Python 3)",
  "dockerComposeFile": "docker-compose.yml",
  "service": "app",
  "workspaceFolder": "/workspaces/${localWorkspaceFolderBasename}",
  "forwardPorts": [
    7071,
    10000,
    10001,
    10002
  ],
  "otherPortsAttributes": {
    "onAutoForward": "ignore"
  },
  "features": {
    "ghcr.io/devcontainers/features/azure-cli:1": {},
    "ghcr.io/jlaundry/devcontainer-features/azure-functions-core-tools:1": {},
    "ghcr.io/devcontainers/features/docker-in-docker:2": {}
  },
  "postCreateCommand": "pip3 install -r requirements.txt",
  "customizations": {
    "vscode": {
      "extensions": [
        "ms-azuretools.vscode-azurefunctions",
        "ms-azuretools.vscode-docker",
        "ms-python.python",
        "mohsen1.prettify-json",
        "ms-python.vscode-pylance",
        "ms-python.debugpy",
        "humao.rest-client"
      ]
    }
  }
}